job_url,job_name,salary_range,address,years,education,company_url,company_name
/job_detail/d42893d02be8c2ac1HB40tq8EVE~.html,python,7k-12k,西安 长安区 王寺,1-3年,本科,/gongsi/29c1ab68d5e3d3360nN63Q~~.html,软通动力
/job_detail/aa550dc5812c9e581HZ-2tm0GVY~.html,python,8k-12k,西安  ,1-3年,本科,/gongsi/29c1ab68d5e3d3360nN63Q~~.html,软通动力
/job_detail/3a8a68245eb3ba951nx609i8EFo~.html,Python,8k-12k,西安 长安区 ,1-3年,本科,/gongsi/29c1ab68d5e3d3360nN63Q~~.html,软通动力
/job_detail/8863988668a45ad41X1-3ty4E1E~.html,Python,8k-12k,西安 雁塔区 ,1年以内,本科,/gongsi/29c1ab68d5e3d3360nN63Q~~.html,软通动力
/job_detail/8a688eeb1361a6431HB42Nu7GFY~.html,Python,9k-14k,西安  ,经验不限,本科,/gongsi/2d208a8834e4a58203d43Q~~.html,中软国际
/job_detail/e0a08f88c982a0f51nR-29q5EVI~.html,Python,9k-14k,西安  ,1-3年,本科,/gongsi/2d208a8834e4a58203d43Q~~.html,中软国际
/job_detail/2c6fa7a69617b57b1XV72dW6ElU~.html,python,8k-13k,西安  ,1-3年,本科,/gongsi/29c1ab68d5e3d3360nN63Q~~.html,软通动力
/job_detail/b3af32181404ddde1Hd-3Ny9FVo~.html,Python自动化,9k-14k,西安  ,3-5年,本科,/gongsi/29c1ab68d5e3d3360nN63Q~~.html,软通动力
/job_detail/871c20a735aa01461Xdy2tm4GFs~.html,Python,7k-14k,西安 长安区 王寺,1-3年,本科,/gongsi/29c1ab68d5e3d3360nN63Q~~.html,软通动力
/job_detail/4af43f4e20d01d661XV73dy5GVI~.html,python,10k-20k,西安  ,3-5年,本科,/gongsi/29c1ab68d5e3d3360nN63Q~~.html,软通动力
/job_detail/aa25432b3000ddc21XZ50t68GVE~.html,Python,9k-18k,西安  ,经验不限,本科,/gongsi/29c1ab68d5e3d3360nN63Q~~.html,软通动力
/job_detail/917987ead3f713761Hd90tW-EVY~.html,python,9k-14k,西安  ,1-3年,本科,/gongsi/29c1ab68d5e3d3360nN63Q~~.html,软通动力
/job_detail/4a6588aa137a73fa1Xxz2d20ElY~.html,Python,10k-20k,西安  ,3-5年,本科,/gongsi/29c1ab68d5e3d3360nN63Q~~.html,软通动力
/job_detail/bd651e149fb2fab51XFz0925ElY~.html,Python,7k-14k,西安 长安区 王寺,1-3年,本科,/gongsi/29c1ab68d5e3d3360nN63Q~~.html,软通动力
/job_detail/a8937d8c20679cf01X152N-0F1I~.html,Python,8k-16k,西安  ,经验不限,本科,/gongsi/29c1ab68d5e3d3360nN63Q~~.html,软通动力
/job_detail/97c36413e68ff5181XFy2dq6E1s~.html,Python开发,8k-16k,西安 长安区 ,经验不限,本科,/gongsi/29c1ab68d5e3d3360nN63Q~~.html,软通动力
/job_detail/741810bb8602889f0XV43t60EA~~.html,Python,8k-16k,西安 雁塔区 ,1-3年,本科,/gongsi/2d208a8834e4a58203d43Q~~.html,中软国际
/job_detail/9ae45d5fc9567ab41Xd43ty_FFQ~.html,Python,7k-12k,西安  ,1-3年,本科,/gongsi/2d208a8834e4a58203d43Q~~.html,中软国际
/job_detail/a4029524532372511Xx73Ni8F1U~.html,python开发,9k-17k,西安 长安区 王寺,3-5年,本科,/gongsi/29c1ab68d5e3d3360nN63Q~~.html,软通动力
/job_detail/e7a5cf6b73b894d51Hd82Nq0EFo~.html,python,12k-18k,西安  ,3-5年,大专,/gongsi/c1eceeafc956a61b1nd42920FQ~~.html,澳鹏网络
/job_detail/d6d652208a5a218a1XNz3tq9F1M~.html,Python,10k-15k,西安 雁塔区 唐延路,3-5年,本科,/gongsi/091f70f2fbd163cb1XZ939S5Fg~~.html,陕西交通电子
/job_detail/7aeb2dd1ab6a06cb1Xxy2dq7GFE~.html,python（西安）,5k-10k,西安 雁塔区 高新路,1-3年,本科,/gongsi/f266ace18c1d19ac1HJz3g~~.html,思特奇
/job_detail/c789883ff055f5521HR72tm7EFA~.html,python自动化,9k-14k,西安 长安区 ,1-3年,本科,/gongsi/29c1ab68d5e3d3360nN63Q~~.html,软通动力
/job_detail/bd2e6f8c45282d110XZ-2dW_Fw~~.html,Python,8k-16k,西安 雁塔区 ,经验不限,本科,/gongsi/2d208a8834e4a58203d43Q~~.html,中软国际
/job_detail/bea67fe7cbdd0cfe1Xx429u8Els~.html,Python讲师,6k-7k,西安  ,经验不限,本科,/gongsi/f4a6fe7c15e5a1db1XB709i5.html,傲梦网络科技
/job_detail/e2f737ec6e07d43b1HZ53tS5FFM~.html,python讲师,6k-11k,西安 雁塔区 唐延路,经验不限,本科,/gongsi/f4a6fe7c15e5a1db1XB709i5.html,傲梦网络科技
/job_detail/0608e7fce12bbadb1H1_0t-9F1Q~.html,python讲师,4k-9k,西安 雁塔区 唐延路,经验不限,本科,/gongsi/f4a6fe7c15e5a1db1XB709i5.html,傲梦网络科技
/job_detail/1ff197d45a88a85403R62tm5FlQ~.html,Python讲师,5k-10k,西安 雁塔区 唐延路,经验不限,本科,/gongsi/f4a6fe7c15e5a1db1XB709i5.html,傲梦网络科技
/job_detail/57c373d4f07b3a671Xd62tm0ElA~.html,Python,8k-15k,西安 雁塔区 唐延路,3-5年,本科,/gongsi/56018c6ab682e4961Xd60ti0EQ~~.html,Elight
/job_detail/5116275620b1ada61X1y2NS4EVs~.html,python双元导师,10k-15k,西安 未央区 ,3-5年,大专,/gongsi/2bc0106521bb6f5533Jz3w~~.html,传智播客
/job_detail/bd3e6271e4db91bd1XV60ti8F1s~.html,Python老师,5k-10k,西安 雁塔区 科技一路,经验不限,本科,/gongsi/f4a6fe7c15e5a1db1XB709i5.html,傲梦网络科技
/job_detail/899fcaf52987667b1HV_09S5FlI~.html,Python老师,7k-12k,西安 雁塔区 唐延路,经验不限,本科,/gongsi/f4a6fe7c15e5a1db1XB709i5.html,傲梦网络科技
/job_detail/55f932f4968f4bee1HRy092_FVo~.html,python双元导师(J11610),12k-24k,西安 未央区 ,3-5年,大专,/gongsi/2bc0106521bb6f5533Jz3w~~.html,传智播客
/job_detail/df68d59da085b19d1Hd729S4E1M~.html,Python开发工程师,7k-13k,西安  ,1-3年,本科,/gongsi/deb8ee191fcc270203153Nu5.html,软通动力信息技术集团
/job_detail/c4a0916bc6d34d1e1HZy2Nq8GFM~.html,Python开发工程师,10k-15k,西安 长安区 王寺,3-5年,本科,/gongsi/deb8ee191fcc270203153Nu5.html,软通动力信息技术集团
/job_detail/765ad44ac8d258191X1_29q0EVQ~.html,Python开发工程师,11k-15k,西安 长安区 ,1年以内,本科,/gongsi/29c1ab68d5e3d3360nN63Q~~.html,软通动力
/job_detail/63620bb196055dfb1nJ909i9EFY~.html,Python,5k-8k,西安 雁塔区 丁白路,1-3年,本科,/gongsi/892d1315da995a731Hd42Nm8.html,衡刻
/job_detail/5d5c66074e701e2f1n160ty6GVQ~.html,Python讲师,7k-11k,西安 雁塔区 高新路,1年以内,大专,/gongsi/c4861c6c237a740d0XV42NW5.html,西安飞凡软件教育
/job_detail/d9372c46083ca14f1X1z3tq5FVM~.html,Python开发工程师,8k-12k,西安  ,1-3年,本科,/gongsi/2d208a8834e4a58203d43Q~~.html,中软国际
/job_detail/335d14274e449ab61X1_3tu_EFU~.html,Python开发工程师,8k-16k,西安  ,经验不限,本科,/gongsi/2d208a8834e4a58203d43Q~~.html,中软国际
/job_detail/f9dabfb2690b6fd91XN73N26EFU~.html,Python开发工程师,9k-15k,西安 雁塔区 ,3-5年,本科,/gongsi/83accfce72fe087f1nN-39S7.html,润和软件
/job_detail/26cf9945b4d38f831nVz09m9F1s~.html,Python后端工程师,8k-13k,西安  ,1-3年,本科,/gongsi/27b291d7eab60be31HNz2tg~.html,四叶草安全
/job_detail/48e730fc4d24db9a1HV_2N-0GVM~.html,Python高级开发工程师,20k-40k,西安  ,3-5年,本科,/gongsi/02cd05cce753437e33V50w~~.html,华为
/job_detail/8b03af30ecdff6de1X1409m7GFY~.html,Python自动化测试,9k-13k,西安 雁塔区 ,3-5年,本科,/gongsi/2d208a8834e4a58203d43Q~~.html,中软国际
/job_detail/d66a4e311a9c877c1HZ93NS_E1I~.html,python开发工程师,12k-20k,西安  ,5-10年,大专,/gongsi/c1eceeafc956a61b1nd42920FQ~~.html,澳鹏网络
/job_detail/d70ed1ff24a6b71b1nJ50924FlA~.html,Python开发工程师,8k-16k,西安  ,经验不限,本科,/gongsi/69ca5ed96281940603N_2d-0.html,数拓科技
/job_detail/ec95da75d20b60951Xx-3Ny1FVM~.html,web  angula  vue  js    python,7k-14k,西安 雁塔区 ,1-3年,本科,/gongsi/2d208a8834e4a58203d43Q~~.html,中软国际
/job_detail/752ab7d0476a10ea1XV72dq1F1I~.html,python,5k-10k,西安 雁塔区 昆明路,经验不限,本科,/gongsi/f4a6fe7c15e5a1db1XB709i5.html,傲梦网络科技
/job_detail/56c111402c9364211nx53di6GVA~.html,Python研发工程师,9k-12k,西安  ,1-3年,大专,/gongsi/fe0af44afab1015e1XZ93tW6.html,易讯通
/job_detail/302088f80db909b11HZ62921E1E~.html,python程序员,5k-10k,西安 未央区 未央路,1-3年,本科,/gongsi/18c8219b1fae2bca1HZ_3tm9Fw~~.html,联创佳讯
/job_detail/ebfa99a13fd1e3eb1XRy2929EFU~.html,Python开发岗,10k-16k,西安  ,1-3年,本科,/gongsi/29c1ab68d5e3d3360nN63Q~~.html,软通动力
/job_detail/d609617f9e956e331HR60ti0Flc~.html,python开发/自动化测试,9k-14k,西安  ,3-5年,本科,/gongsi/29c1ab68d5e3d3360nN63Q~~.html,软通动力
/job_detail/ad2c6302f541902b1Hd93du5F1Y~.html,Python后端开发工程师,8k-13k,西安  ,3-5年,大专,/gongsi/48ecc2133ff881a41nd52tS1FA~~.html,西安乐推
/job_detail/7005a95905e6e6201X1529S6FFQ~.html,Java，web，Python，测试，C++，运维，go,8k-16k,西安 长安区 ,1-3年,本科,/gongsi/29c1ab68d5e3d3360nN63Q~~.html,软通动力
/job_detail/f077fd4994b1ad861X1539m0FVQ~.html,高级自动化测试（精通python）,18k-25k,西安  ,5-10年,本科,/gongsi/134ff5bb1063e3851nR_3N--Fg~~.html,甄一创展
/job_detail/e8c2df1a76ddbeee1XZ92dW0EFQ~.html,在线python讲师,4k-6k,西安 雁塔区 昆明路,经验不限,本科,/gongsi/f4a6fe7c15e5a1db1XB709i5.html,傲梦网络科技
/job_detail/eca544d64743c9701XZz2tu7FlQ~.html,讲师（Java、C++、Python）,8k-12k,西安 雁塔区 大雁塔,1-3年,本科,/gongsi/f7f8ddf0deaa72f403Vy3du-.html,小码教育
/job_detail/c6c780b6a7ec37a51HB62tW9GVE~.html,python开发工程师,8k-13k,西安  ,3-5年,大专,/gongsi/d3c9ad82117f28431HF83NS5.html,烛照科技
/job_detail/2c0e62ec0ed798511Xxy3NW6F1Y~.html,python讲师,6k-10k,西安  ,经验不限,本科,/gongsi/dcc4197df6ecc7901Xx72967FA~~.html,翰海睿智
/job_detail/05823a6b6d0ee9701XZy3t69GVI~.html,Python,6k-12k,西安  ,3-5年,本科,/gongsi/18b1f01b78dc00ae1H1_3do~.html,远江盛邦
/job_detail/c7e2fef5f81af5301Hd53dS-F1A~.html,Python研发工程师,12k-18k,西安 莲湖区 环城西路,3-5年,本科,/gongsi/116b172e54363dce1XF_2tW7Fg~~.html,左宝右贝
/job_detail/9f4e9aadf6013dfe1n1-09y_GFA~.html,Python开发工程师,7k-14k,西安 雁塔区 旺座现代城,1-3年,本科,/gongsi/31ee8f4f219738721HR83dm-.html,世平
/job_detail/ba914f6916586baa1Xdz09y6ElU~.html,高级 Python 后台开发工程师,20k-30k,西安  ,3-5年,本科,/gongsi/5cb474cda1ef5c8c1Xdz29m9Fw~~.html,星垂智能
/job_detail/cf3ef17c940a267c1Hd-3ty1FlU~.html,Python,6k-10k,西安  ,1-3年,本科,/gongsi/48ecc2133ff881a41nd52tS1FA~~.html,西安乐推
/job_detail/9c4b575ce1cd81ed1XJ_2tu5FFM~.html,全国在线Python少儿老师,5k-8k,西安 雁塔区 昆明路,经验不限,本科,/gongsi/f4a6fe7c15e5a1db1XB709i5.html,傲梦网络科技
/job_detail/502cac18abbf969d1XFz29-6F1o~.html,Python开发,8k-15k,西安 雁塔区 永松路,1-3年,本科,/gongsi/794628cb9c77c8760Xx83tW-.html,西安利百家商贸
/job_detail/0a7471fbecf76e7d1XN-29i6FFE~.html,Python,7k-12k,西安  ,1年以内,本科,/gongsi/baf7a9c9cb9c43fc33F70ti9.html,微感
/job_detail/8e8c8c3a5cc0a1021X1_09S0F1M~.html,Devops开发工程师（Linux/Python/Docker）,10k-20k,西安 雁塔区 旺座现代城,3-5年,本科,/gongsi/963ba348e3e7aa361XR929S1.html,上海安畅网络
/job_detail/5e162a644c3176a70Xd_3ti5Fg~~.html,Python，openstack，django,5k-10k,西安  ,经验不限,学历不限,/gongsi/27b291d7eab60be31HNz2tg~.html,四叶草安全
/job_detail/f5b92ed845e509c61Xd-2NS1GFc~.html,python开发工程师（西安）,10k-16k,西安  ,3-5年,本科,/gongsi/56fcc3e5c3f3939d1Xd929q4.html,绿盟科技
/job_detail/f732923e3f841e431X180t67GFE~.html,软件开发工程师（java、Web、Python、C++、C、C#）,8k-16k,西安  ,经验不限,本科,/gongsi/29c1ab68d5e3d3360nN63Q~~.html,软通动力
/job_detail/ca9c1e56544e74b61XR50t26Elc~.html,Python开发工程师,9k-18k,西安  ,3-5年,本科,/gongsi/ba2a87dc7e8a5bf61XFz2N67.html,WisdomGarden
/job_detail/8c02bbebc94865b01XZ63d-5GVM~.html,Python,24k-36k,西安  ,3-5年,本科,/gongsi/02cd05cce753437e33V50w~~.html,华为
/job_detail/4a51a26dc3299cff0HV439q7GQ~~.html,Python,5k-10k,西安  ,3-5年,本科,/gongsi/92f4a1641ee7f29a03Vz3N25.html,西安图迹信息科技
/job_detail/e6c2bf16373fc5591HZ-39y-ElY~.html,Python 研发工程师,8k-10k,西安  ,1-3年,本科,/gongsi/adc9f098fb3fd62b03N52tq7.html,北京韦众承志
/job_detail/f837731c2c33104d1Xd83t25FFo~.html,python工程师,6k-12k,西安 雁塔区 郭杜,5-10年,本科,/gongsi/ee796865ec44db211Xdz2N68EQ~~.html,君舟网络
/job_detail/6816be50e0bdccc71nF82tq1GVQ~.html,python,9k-18k,西安  ,3-5年,大专,/gongsi/4f66773ad12480631XJ_3Ni5.html,艾润物联网
/job_detail/400e4de5c677a7161XR-39S8FVM~.html,Python,10k-20k,西安  ,1年以内,本科,/gongsi/21124e51a5ea83a80nR80ti8.html,华为技术有限公司
/job_detail/c3f57682ebc36bd01XB53tW6FFc~.html,Python,18k-20k,西安  ,1-3年,本科,/gongsi/21124e51a5ea83a80nR80ti8.html,华为技术有限公司
/job_detail/155525fa44cd533b1XZ_2tW6GVE~.html,Python,15k-30k,西安  ,1-3年,本科,/gongsi/c28065048ad77f6f1n163tS5Fw~~.html,秦贝
/job_detail/5fb8b1b2248b339b1XB90t-9EVc~.html,Python,15k-30k,西安  ,1-3年,本科,/gongsi/f9853f80140028aa1ndy3d24.html,深圳华为
/job_detail/18c12590c0e3cc141XRy2dy9EVU~.html,Python,20k-40k,西安  ,5-10年,本科,/gongsi/02cd05cce753437e33V50w~~.html,华为
/job_detail/49197baeca537f9d1XN92t25FFc~.html,Python,6k-11k,西安  ,3-5年,本科,/gongsi/baf7a9c9cb9c43fc33F70ti9.html,微感
/job_detail/b973b08f38f739ee1HZ83N-1E1U~.html,Python讲师,6k-10k,西安 雁塔区 交大,3-5年,本科,/gongsi/e1829918f2d166211nx70tW0GQ~~.html,青柠檬
/job_detail/e602c979915d492a1XV43dW0Flc~.html,Python,6k-12k,西安  ,3-5年,本科,/gongsi/b5952804575e22cb1nx-2dW6Ew~~.html,华商传媒二三里
/job_detail/3686bf8def2a5b021XN40tm8EFU~.html,Python,15k-25k,西安  ,1-3年,本科,/gongsi/02cd05cce753437e33V50w~~.html,华为
/job_detail/600d4fe7ac73357b1XF42NW6GVo~.html,Python,10k-20k,西安  ,经验不限,本科,/gongsi/02cd05cce753437e33V50w~~.html,华为
/job_detail/8b89ca32125d7cbd1n1y09m9ElE~.html,Python,15k-30k,西安  ,3-5年,本科,/gongsi/02cd05cce753437e33V50w~~.html,华为
/job_detail/7e6c93dbc20f37391XB40tS5E1E~.html,C/C++/ java/python,10k-11k,西安  ,3-5年,本科,/gongsi/21124e51a5ea83a80nR80ti8.html,华为技术有限公司
/job_detail/4d27f34eccd3b7081Xd82dS4GVo~.html,Python,10k-20k,西安  ,1-3年,本科,/gongsi/21124e51a5ea83a80nR80ti8.html,华为技术有限公司
/job_detail/af63b03210a1a08b1XZ639m7GVA~.html,Python,10k-15k,西安  ,1-3年,本科,/gongsi/f9853f80140028aa1ndy3d24.html,深圳华为
/job_detail/60fd65671f8597471XJ639-5GFo~.html,python兼职讲师,2k-4k,西安 碑林区 交大,3-5年,硕士,/gongsi/db16b17be570ec8903Z50tu7.html,西安野马教育
/job_detail/77c7bb780cf39a421XB93t61FFE~.html,Python,15k-18k,西安  ,1年以内,本科,/gongsi/02cd05cce753437e33V50w~~.html,华为
/job_detail/1f384deed25674dd1nJz0tW4Els~.html,Python/Django开发工程师,8k-15k,西安 雁塔区 高新路,1-3年,本科,/gongsi/5372c84590ad36ea1nd53t6-FA~~.html,斯维智能
/job_detail/6967bd9de27734761n150tq_GVA~.html,Python讲师,8k-10k,西安 碑林区 交大,3-5年,本科,/gongsi/db16b17be570ec8903Z50tu7.html,西安野马教育
/job_detail/8f71d15e142b915c1HZ63di4FFc~.html,IT技术支持,3k-6k,西安  ,应届生,本科,/gongsi/995e699db41b0d241HV839i_FA~~.html,耐思托管辅导中心
/job_detail/a05db86f798a4d561XV40t2_FVQ~.html,测试工程师,10k-20k,西安  ,10年以上,本科,/gongsi/29c1ab68d5e3d3360nN63Q~~.html,软通动力
/job_detail/37bdbd787a68bf141HV_0ty7FFU~.html,少儿编程老师,3k-7k,西安 雁塔区 电视塔,1-3年,大专,/gongsi/da97a0592f3264a93nN_3Nm5.html,腾语科技
/job_detail/dbde6cb861f420421HRy3tm-F1A~.html,测试开发工程师,25k-35k,西安  ,3-5年,本科,/gongsi/02cd05cce753437e33V50w~~.html,华为
/job_detail/c5f6ce6749ae78061HZ629W4GVY~.html,大数据&算法开发工程师,20k-40k,西安  ,5-10年,本科,/gongsi/02cd05cce753437e33V50w~~.html,华为
/job_detail/be274298e65542141Hd909m4E1A~.html,广告系统架构师,15k-25k,西安 雁塔区 高新路,5-10年,本科,/gongsi/6b14ab4d939c55e11HB92N68EQ~~.html,鲸鱼互动
/job_detail/acba5b6e36fbaec61X193tm9EVM~.html,高级运维工程师（公有云）,11k-22k,西安  ,5-10年,本科,/gongsi/2d208a8834e4a58203d43Q~~.html,中软国际
/job_detail/63fc103b4bb30e091HB6392_E1c~.html,Golang 工程师,9k-14k,西安  ,3-5年,本科,/gongsi/4022cde9119cae9c1HB809i8Fw~~.html,雪豹商情
/job_detail/6e646f9752f68a3b1Hd90tu6EFM~.html,软件实习生,2k-3k,西安  ,经验不限,本科,/gongsi/4022cde9119cae9c1HB809i8Fw~~.html,雪豹商情
/job_detail/7c3464a9ce3d3f980XJ93dS5FA~~.html,Java,17k-34k,西安  ,经验不限,本科,/gongsi/02cd05cce753437e33V50w~~.html,华为
/job_detail/8779bd98d6d3a74f1n1_3NS9FFQ~.html,Java,10k-20k,西安  ,经验不限,学历不限,/gongsi/bda4c696147857a51nF62N4~.html,ThoughtWorks
/job_detail/8efe90e218c8a73c1nJ43Ni8EVo~.html,智能风控工程师,20k-30k,西安  ,经验不限,硕士,/gongsi/02cd05cce753437e33V50w~~.html,华为
/job_detail/c23bd2ee663030231Xx809S1Els~.html,软件研发工程师-java,10k-20k,西安  ,1-3年,本科,/gongsi/bda4c696147857a51nF62N4~.html,ThoughtWorks
/job_detail/f0e370bacc8b52161Xx809S1F1c~.html,软件研发工程师-C#,10k-20k,西安  ,1-3年,本科,/gongsi/bda4c696147857a51nF62N4~.html,ThoughtWorks
/job_detail/c7bf84e4683a73201Xx809S0FFA~.html,软件研发工程师-C++,10k-20k,西安  ,1-3年,本科,/gongsi/bda4c696147857a51nF62N4~.html,ThoughtWorks
/job_detail/076b977b5ebb343e1XB62dq6F1Y~.html,软件研发,5k-10k,西安  ,3-5年,大专,/gongsi/9e300fd415c9bfc31XB-2tq1Fg~~.html,西安云雀软件有限...
